{"Completion Rate":{"0":81.57894737},"Completion Rate Position Percentile":{"0":78.0861244019},"Completion Rate Overall Percentile":{"0":79.932735426},"xg":{"0":0.0135738109},"percentile":{"0":91.1961722488},"right":{"0":[81.9672131148,61]},"left":{"0":[100.0,10]},"head":{"0":[0.0,2]},"no touch":{"0":null},"other":{"0":[66.6666666667,3]}}